release_year,avg(vote_average)
2024,6.449999999999999
2025,6.800722222222222
