year,avg_rating
2025,6.800722222222222
2024,6.449999999999999
